code,term
10000006,Radiating chest pain
1003721002,Pain of joint of knee
1003722009,Pain of knee region
1004004007,Primary tocophobia
1004005008,Secondary tocophobia
10085004,Metatarsalgia
1010233001,Otalgia of left ear
1010234007,Otalgia of right ear
1010235008,Pain of left breast
1010237000,Pain of right breast
10211000132109,Perinatal depression
102480002,Generalized acute body pains
102481003,Generalized chronic body pains
102482005,Growing pains
102555004,Neck pain aggravated by recumbency
102556003,Pain in upper limb
102557007,Arm claudication
102570003,Inguinal pain
102587001,Acute chest pain
102588006,Chest wall pain
102589003,Atypical chest pain
102613000,Localized abdominal pain
102614006,Generalized abdominal pain
102615007,Ulcer-type pain
102616008,Painful mouth
102619001,Pain in esophagus
102626001,Liver pain
102628000,Gallbladder pain
102631004,Pancreatic pain
102831002,Renal angle pain
102913002,Taphophobia
102915009,Nosophobia
102918006,Microphobia
102919003,Fear of infection
102920009,Fear of contracting human immunodeficiency virus infection
102921008,Toxicophobia
102922001,Tocophobia
102923006,Teratophobia
102924000,Pyrophobia
102925004,Astrapophobia
102927007,Nyctophobia
102928002,Theophobia
102929005,Androphobia
102930000,Gynephobia
102931001,Fear of heart attack
102932008,Fear of hypertension
102997000,Psychroalgia
102999002,Cryalgesia
103000001,Crymodynia
103007003,Headache due to external compression of head
103008008,Postpartum headache
103009000,Headache due to cold exposure
103010005,Headache associated with sexual activity
103011009,Benign exertional headache
103012002,Analgesic overuse headache
103013007,Smarting pain
103014001,Cervical nerve root pain
103015000,Thoracic nerve root pain
103016004,Lumbosacral nerve root pain
104851000119103,Postpartum major depression in remission
105491000119107,Primary hyposomnia
10586006,Occupation-related stress disorder
10601006,Pain in lower limb
107401000119105,Acute postoperative pain
10741871000119101,Alcohol dependence in pregnancy
10743001000119103,Anxiety disorder in mother complicating childbirth
10755041000119100,Alcohol dependence in childbirth
1075631000119107,Pain of right sternoclavicular joint
1075651000119101,Pain of left sternoclavicular joint
10760581000119104,Pain in round ligament in pregnancy
1076721000119108,Joint pain in right hand
1076731000119106,Joint pain in left hand
10811121000119102,Major depressive disorder in mother complicating childbirth
10811161000119107,Major depressive disorder in mother complicating pregnancy
10835871000119104,Depressive disorder in mother complicating childbirth
1084061000000106,Depressive personality disorder
1084561000119106,Referred otalgia of bilateral ears
1086471000000103,"Recurrent reactive depressive episodes, severe, with psychosis"
1086661000000108,"Reactive depression, prolonged single episode"
1086671000000101,"Reactive depression, single episode"
1086681000000104,"Reactive depression, recurrent"
1086691000000102,"Reactive depression, first episode"
1087451000000109,Late onset alcohol-induced psychosis
1088111000000102,Backache without recent injury
1089331000000100,Painful and cold lower leg
1089341000000109,Painful and cold foot
1089351000000107,Painful and cold forearm
1089361000000105,Painful and cold hand
1089511000000100,Recurrent depression with current severe episode and psychotic features
1089561000119107,Referred otalgia of left ear
1089631000000109,Recurrent depression with current severe episode without psychotic features
1089641000000100,Recurrent depression with current moderate episode
109006,Anxiety disorder of childhood OR adolescence
1092171000119100,Referred otalgia of right ear
109771000119103,Chronic postoperative pain
110263004,Aerodontalgia
110357006,Unrealistic dental phobia
110358001,Heightened global phobia
110364008,Posttreatment pain
11114002,Sore gums
111487009,Dream anxiety disorder
111490003,"Panic disorder with agoraphobia, agoraphobic avoidance in partial remission AND severe panic attacks"
111491004,"Panic disorder with agoraphobia, agoraphobic avoidance in full remission AND panic attacks in partial remission"
111492006,"Conversion disorder, single episode"
1119215001,Pain in left lumbar region of back
1119216000,Pain in right lumbar region of back
1119217009,Pain in right abdominal lumbar region
1119218004,Pain in left abdominal lumbar region
1119294003,Unilateral headache on left side of head
1119295002,Unilateral headache on right side of head
111985007,Chronic abdominal pain
1121000119107,Chronic neck pain
112101004,Dental headache
112102006,Atypical neuralgia
112103001,Neuralgia of amputation stump
112104007,Localized pain
112581000119104,Acute pain of joint of knee
113611000119100,Myofascial pain syndrome of lumbar spine
1137438000,Pain due to arthritis
1142047007,Possession trance disorder
1144586002,Increased pain
1144992001,Fear of cancer of urinary system
11458009,"Anticipatory anxiety, mild"
1149085006,Satisfied with management of pain
1149333003,Acute alcohol intoxication
1153338005,Osteonecrosis caused by alcohol
1153570009,Treatment resistant depression
1153575004,Persistent depressive disorder
1156105001,Pain in sacrum
1156446004,Demonstrates adequate pain control
1156802000,Myofascial low back pain
1162314004,Myofascial neck pain
1162428009,Pain of shoulder girdle
1162829009,Chronic pain of cardiac implantable electronic device pocket following implantation of cardiac implantable electronic device
116290004,Acute abdominal pain
1162969009,Pain on movement of eye
11679003,Radicular pain
11806006,Separation anxiety disorder of childhood
1186988005,Fear of having malignant neoplasm of lymphatic system
11892641000119101,Chronic female pelvic pain syndrome
11941006,"Panic disorder with agoraphobia, agoraphobic avoidance in full remission AND panic attacks in full remission"
1197719006,Functional abdominal pain of childhood
1197724009,Duodenal ulcer caused by alcohol
1197734000,Chronic proctalgia
11996521000119103,Pain of amputation stump of left upper limb
11996561000119108,Pain of amputation stump of left lower limb
11996601000119108,Pain of amputation stump of right upper limb
11996641000119105,Pain of amputation stump of right lower limb
121021000119105,New daily persistent headache
12236951000119108,Intermittent claudication of bilateral lower limbs co-occurrent and due to atherosclerosis
12236991000119103,Pain at rest of bilateral lower limbs co-occurrent and due to atherosclerosis
12237071000119100,Intermittent claudication of left lower limb co-occurrent and due to atherosclerosis
12237111000119107,Pain at rest of left lower limb co-occurrent and due to atherosclerosis
12237191000119103,Intermittent claudication of right lower limb co-occurrent and due to atherosclerosis
12237231000119107,Pain at rest of right lower limb co-occurrent and due to atherosclerosis
12247531000119106,Pain in bilateral lower legs
12247571000119109,Bilateral foot joint pain
122711000119109,Hypnic headache
122731000119104,Primary thunderclap headache
122751000119105,Acute posttraumatic headache
1231846001,Psychosis caused by ethanol
12336008,Referred otalgia
1234750000,Dilated cardiomyopathy caused by ethanol
1234767007,Duodenitis caused by ethanol
1234772003,Neurological disorder caused by ethanol
1234774002,Cognitive impairment caused by ethanol
1234776000,Sleep disorder caused by ethanol
1234778004,Steatohepatitis caused by ethanol
1234779007,Mood disorder caused by ethanol
1234780005,Mood disorder with mixed manic and depressive symptoms caused by ethanol
1234781009,Mood disorder with manic symptoms caused by ethanol
1234782002,Mood disorder with depressive symptoms caused by ethanol
1234783007,Organic mental disorder caused by ethanol
12349003,Danforth's sign
1236867000,Pain due to dental trauma
12398201000119102,Anxiety disorder caused by methamphetamine
124001000119104,Status migrainosus co-occurrent and due to migraine without aura
12400141000119103,Chronic pain following bilateral total hip arthroplasty
12400181000119108,Chronic pain following bilateral total knee arthroplasty
12400221000119100,Chronic pain following left total hip arthroplasty
12400261000119105,Chronic pain following left total knee arthroplasty
12400301000119102,Chronic pain following right total hip arthroplasty
12400341000119100,Chronic pain following right total knee arthroplasty
124081000119107,Menstrual status migrainosus
124171000119105,Chronic intractable migraine without aura
125661000119107,Biliary colic with obstruction
12584003,Bone pain
126943008,Separation anxiety
128187005,Vascular headache
128200000,Complex regional pain syndrome
129179000,Piriformis syndrome
129501000119107,Chronic sacral pain for greater than three months
129511000119105,Chronic pain in coccyx for more than three months
129606007,Frontal lobe syndrome
129610005,Headache due to intracranial disease
129612002,Anterior ethmoidal nerve syndrome
129613007,Tympanic plexus neuralgia syndrome
129869000,Death anxiety
13057000,Pleuropericardial chest pain
1325321000000108,Anxiety related to clinical environment
133121000119109,Severe seasonal affective disorder
13322008,Postseizure headache
133301000119102,Degenerative brain disorder caused by alcohol
133731000119108,Chronic pain in male pelvis
13438001,Overanxious disorder of childhood
134407002,Chronic back pain
135301000119103,Parasomnia caused by alcohol
135311000119100,Insomnia caused by alcohol
135321000119107,Hypersomnia caused by alcohol
135331000119105,Disorder of sleep-wake cycle caused by alcohol
135860001,Exacerbation of backache
135876005,Mastalgia of puberty
13601005,Paranoid personality disorder
136051000119105,Abdominal colic in child less than or equal to 12 months
1362191000000105,Pain relieved by passing flatus
1362201000000107,Pain relieved by defaecating
1362941000000102,Chronic pain of shoulder
136571000119109,Adult colic
136791000119103,Chronic thoracic back pain
1376001,Obsessive compulsive personality disorder
137891000119105,Abdominal colic in adult or child greater than 12 months
1380006,Agoraphobia without history of panic disorder with limited symptom attacks
14040001000004109,Uncontrolled pain
14049007,Chaussier's sign
14070001,Multi-infarct dementia with depression
14090001000004102,Neuropathic pain caused by radiation
14150005,Alteration in comfort: chronic pain
14183003,"Chronic major depressive disorder, single episode"
144951000000106,Chronic mechanical low back pain
144961000000109,Mechanical neck pain
145611000119107,Allergic migraine
145621000146106,Headache due to exertion
15167005,Alcohol abuse
15193003,"Severe recurrent major depression with psychotic features, mood-incongruent"
15629941000119104,Left inguinal pain
15629981000119109,Right inguinal pain
15630021000119102,Pain of bilateral inguinal regions
15633361000119103,Bilateral sciatica
15634471000119104,Bilateral calf pain
15639000,"Moderate major depression, single episode"
15639561000119107,Pain of bilateral acromioclavicular joints
15639721000119105,Pain in bilateral temporomandibular joints
15743521000119108,Chronic pain of right upper limb
15743561000119103,Chronic pain of left upper limb
15743681000119106,Pain of bilateral shoulder blades
15749341000119107,Pain in bilateral upper arms
15749801000119104,Chronic pain of bilateral feet
15803009,Bladder pain
15960061000119102,Unstable angina co-occurrent and due to coronary arteriosclerosis
15960141000119102,Angina co-occurrent and due to coronary arteriosclerosis
15960341000119104,Unstable angina due to arteriosclerosis of coronary artery bypass graft of transplanted heart
15960381000119109,Angina co-occurrent and due to arteriosclerosis of coronary artery bypass graft
15960461000119105,Unstable angina due to arteriosclerosis of autologous arterial coronary artery bypass graft
15960541000119107,Unstable angina due to arteriosclerosis of autologous vein coronary artery bypass graft
15960581000119102,Angina co-occurrent and due to arteriosclerosis of autologous vein coronary artery bypass graft
15960661000119107,Unstable angina co-occurrent and due to arteriosclerosis of coronary artery bypass graft
15968741000119100,Low back pain co-occurrent and due to bilateral sciatica
16002551000119103,Pain of left upper limb co-occurrent and due to ischemia
16002671000119106,Chronic pain of bilateral upper limbs
16002711000119105,Pain of right upper limb co-occurrent and due to ischemia
16002791000119101,Pain of right lower limb co-occurrent and due to ischemia
16002831000119107,Pain of left lower limb co-occurrent and due to ischemia
16002871000119105,Chronic pain of right foot
16002911000119108,Chronic pain of left foot
16002951000119109,Pain of bilateral lower limbs co-occurrent and due to ischemia
16013431000119104,Intermittent claudication of bilateral lower limbs due to atherosclerosis of nonbiological bypass graft
16057351000119103,Neuralgia of left glossopharyngeal nerve
16057391000119108,Neuralgia of right glossopharyngeal nerve
161891005,Backache
161892003,Backache with radiation
161893008,Back pain worse on sneezing
161894002,Complaining of low back pain
161896000,Complaining of upper back ache
161972006,Central chest pain
161973001,Anterior chest wall pain
161974007,Parasternal pain
161977000,Costal margin chest pain
162011005,Sore mouth
162038003,Non-colicky abdominal pain
162039006,Referred pain in shoulder from abdomen
162040008,Abdominal migraine - symptom
162042000,Abdominal wall pain
162046002,Central abdominal pain
162047006,Left subcostal pain
162048001,Right subcostal pain
162049009,Left flank pain
162050009,Right flank pain
162051008,Right iliac fossa pain
162052001,Left iliac fossa pain
162053006,Suprapubic pain
16206741000119104,Piriformis syndrome of bilateral lower limbs
16206781000119109,Meralgia paresthetica of bilateral lower limbs
16207081000119105,Pain of amputation stump of bilateral lower limbs
16207121000119107,Pain of amputation stump of bilateral upper limbs
162138001,Genitourinary pain
162143008,Pain in female genitalia
162145001,Vulval pain
162147009,Complaining of pelvic pain
162148004,Complaining of perineal pain
162204000,Late insomnia
162211001,Viral headache
162299003,Generalized headache
162300006,Unilateral headache
162301005,Bilateral headache
162304002,Parietal headache
162307009,Aching headache
162308004,Throbbing headache
162309007,Shooting headache
162310002,Morning headache
162311003,Heavy head
162356005,Earache symptom
162359003,Bilateral earache
16238181000119101,Depressive disorder caused by amphetamine
16238221000119109,Depressive disorder caused by methamphetamine
162397003,Pain in throat
162502002,Finding of pain character
162503007,Cutting pain
162504001,Griping pain
162505000,Tightening pain
162506004,Pricking pain
16264621000119109,Recurrent mild major depressive disorder co-occurrent with anxiety
16264821000119108,Recurrent severe major depressive disorder co-occurrent with anxiety
16264901000119109,Recurrent moderate major depressive disorder co-occurrent with anxiety
16265061000119105,Recurrent major depressive disorder co-occurrent with anxiety in full remission
16265301000119106,Recurrent major depressive disorder in partial remission co-occurrent with anxiety
16265951000119109,Mild major depressive disorder co-occurrent with anxiety single episode
16266831000119100,Moderate major depressive disorder co-occurrent with anxiety single episode
16266991000119108,Severe major depressive disorder co-occurrent with anxiety single episode
16269008,Neuralgia
16331000,Heartburn
16438171000119103,Greater trochanteric pain syndrome of right lower limb
16438211000119101,Greater trochanteric pain syndrome of bilateral lower limbs
16438251000119100,Greater trochanteric pain syndrome of left lower limb
16442141000119109,Periorbital pain of left eye
16442181000119104,Periorbital pain of right eye
16442221000119107,Periorbital pain of bilateral eyes
16462851000119106,Myalgia caused by statin
16513000,Postcordotomy pain
16580691000119107,Chronic urinary bladder pain
16638321000119100,Neuralgia of bilateral pudendal nerves
16638401000119101,Neuralgia of nerve of bilateral lower limbs
16675201000119107,Pain of right testicle
16675251000119106,Pain of bilateral testicles
16675301000119100,Pain of left testicle
16690551000119106,Female deep pain on intercourse
16754391000119100,Stable angina due to coronary arteriosclerosis
16805009,Cluster A personality disorder
16839401000119104,Low back pain co-occurrent with neuralgia of left sciatic nerve
16844001,Painful urging to urinate
1686006,"Sedative, hypnotic AND/OR anxiolytic-induced anxiety disorder"
16899701000119102,Pain of joint of bilateral hands
169464001,Headache caused by oral contraceptive pill
17111003,Postinfectious neuralgia
17329003,Ureteric colic
17496003,Organic anxiety disorder
175004,Supraorbital neuralgia
17974002,Post-herpetic trigeminal neuralgia
1816003,"Panic disorder with agoraphobia, severe agoraphobic avoidance AND mild panic attacks"
18653004,Alcohol intoxication delirium
18818009,Moderate recurrent major depression
18876004,Pain in finger
19057007,Status anginosus
191471000,Korsakov's alcoholic psychosis with peripheral neuritis
191475009,Chronic alcoholic brain syndrome
191476005,Alcohol withdrawal hallucinosis
191478006,Alcoholic paranoia
191480000,Alcohol withdrawal syndrome
191495003,Depressive disorder caused by drug
191496002,Personality disorder caused by drug
191559008,Latent schizophrenia
191561004,Subchronic latent schizophrenia
191562006,Chronic latent schizophrenia
191563001,Acute exacerbation of subchronic latent schizophrenia
191564007,Acute exacerbation of chronic latent schizophrenia
191565008,Latent schizophrenia in remission
191604000,"Single major depressive episode, severe, with psychosis"
191610000,"Recurrent major depressive episodes, mild"
191611001,"Recurrent major depressive episodes, moderate"
191613003,"Recurrent major depressive episodes, severe, with psychosis"
191616006,Recurrent depression
191627008,"Bipolar affective disorder, current episode depression"
191629006,"Bipolar affective disorder, currently depressed, mild"
191630001,"Bipolar affective disorder, currently depressed, moderate"
191634005,"Bipolar affective disorder, currently depressed, in full remission"
191659001,Atypical depressive disorder
191676002,Reactive depressive psychosis
191677006,Acute hysterical psychosis
191708009,Chronic anxiety
191709001,Recurrent anxiety
191713008,Dissociative tremor
191714002,Dissociative convulsions
191722009,Agoraphobia with panic attacks
191724005,"Social phobia, fear of eating in public"
191725006,"Social phobia, fear of public speaking"
191726007,"Social phobia, fear of public washing"
191736004,Obsessive-compulsive disorder
191737008,Compulsive neurosis
191738003,Obsessional neurosis
191753006,Hypomanic personality disorder
191765005,Emotionally unstable personality disorder
191766006,Psychoinfantile personality
191772006,Eccentric personality disorder
191773001,Immature personality disorder
191774007,Masochistic personality disorder
191811004,Continuous chronic alcoholism
191812006,Episodic chronic alcoholism
191813001,Chronic alcoholism in remission
191882002,"Nondependent alcohol abuse, continuous"
191883007,"Nondependent alcohol abuse, episodic"
191884001,Nondependent alcohol abuse in remission
191977008,Psychogenic dysmenorrhea
191997003,Persistent insomnia
192014006,Psychogenic rumination
192029008,Psychogenic backache
192037000,Acute panic state due to acute stress reaction
192038005,Acute fugue state due to acute stress reaction
192039002,Acute stupor state due to acute stress reaction
192041001,Acute situational disturbance
192042008,Acute post-trauma stress state
192044009,Stress reaction causing mixed disturbance of emotion and conduct
192073007,Change in personality
192079006,Postviral depression
192080009,Chronic depression
192097003,Isolated explosive disorder
192454004,Nonorganic insomnia
192527004,Elaboration of physical symptoms for psychological reasons
192611004,Childhood phobic anxiety disorder
192811002,Alcoholic encephalopathy
193028008,Sick headache
193030005,Migraine variants
19303008,Alcohol myopathy
193031009,Cluster headache syndrome
193039006,Complicated migraine
193183000,Acute painful neuropathy due to diabetes mellitus
193184006,Chronic painful neuropathy due to diabetes mellitus
193462001,Insomnia
193947008,Ciliary neuralgia
194823009,Acute coronary insufficiency
194828000,Angina
19527009,Single episode of major depression in full remission
196791007,Appendicular colic
19694002,Late onset dysthymia
197232005,Anorectal pain
197480006,Anxiety disorder
19766004,"Panic disorder with agoraphobia, mild agoraphobic avoidance AND severe panic attacks"
197939009,Painful hematuria
198075006,Dyspareunia due to non-psychogenic cause in male
198280005,Parasitophobia
198288003,Anxiety state
198402002,Dyspareunia due to non-psychogenic cause in the female
198437004,Menopausal sleeplessness
198438009,Menopausal headache
19887002,Claustrophobia
200071001,Obstetric spinal and epidural anesthesia-induced headache
200072008,Spinal and epidural anesthesia-induced headache during pregnancy
200073003,Spinal and epidural anesthesia-induced headache during the puerperium
200076006,Spinal and epidural anesthesia-induced headache during labor and delivery
20010003,Borderline personality disorder
200430001,Breastfeeding painful
201311005,Painful operation scar
202472008,Hand joint pain
202478007,Sternoclavicular joint pain
202479004,Acromioclavicular joint pain
202480001,Elbow joint pain
202481002,Distal radioulnar joint pain
202482009,Wrist joint pain
202483004,Metacarpophalangeal joint pain
202484005,Proximal interphalangeal joint of finger pain
202485006,Distal interphalangeal joint of finger pain
202487003,Sacroiliac joint pain
202489000,Tibiofibular joint pain
202490009,Ankle joint pain
202491008,Subtalar joint pain
202493006,Talonavicular joint pain
202495004,First metatarsophalangeal joint pain
202496003,Lesser metatarsophalangeal joint pain
202497007,Interphalangeal joint of toe pain
20250007,"Severe major depression, single episode, with psychotic features, mood-incongruent"
202794004,Lumbago with sciatica
202888004,Anterior shin splints
202889007,Posterior shin splints
203082005,Fibromyalgia
203508001,Bony pelvic pain
203509009,Clavicle pain
20361002,Alteration in comfort: pain
2043009,Alcoholic gastritis
20502007,Pain in scrotum
205788004,Fetal alcohol syndrome
205791004,Fetal or neonatal effect of maternal use of alcohol
20734000,Psychologic conversion disorder
207363009,Anxiety neurosis
20793008,Scapulalgia
21005005,Burning epigastric pain
21007002,Wernicke's disease
213134006,Pain due to internal prosthetic device
213299007,Postoperative pain
2134003,Diffuse pain
21470009,Syncope anginosa
21522001,Abdominal pain
21545007,Tenalgia
21615003,Autonomic facial cephalgia
21621000119107,Pain in female perineum
216633005,Accidental poisoning caused by alcoholic beverage
216635003,Accidental poisoning caused by denatured alcohol
216636002,Accidental poisoning caused by methylated spirit
2177002,Postherpetic neuralgia
21897009,Generalized anxiety disorder
22230001,"Panic disorder with agoraphobia, agoraphobic avoidance in partial remission AND panic attacks in full remission"
22253000,Pain
2237002,Pleuritic pain
225040001,Localized dissociative amnesia
225564006,Pain of nose
225565007,Perineal pain
225566008,Ischemic chest pain
225569001,Painful blind eye
225595004,Pain associated with defecation
225624000,Panic attack
225635005,Anxiety about treatment
225636006,Anxiety about forced dependence
225637002,Anxiety about loss of control
225638007,Anxiety about resuming sexual relations
225639004,Worried about not coping with baby
225640002,Worried about being a bad father
225641003,Worried about being a bad mother
225642005,Anxiety about not coping with parenthood
225643000,Anxiety about making mistakes
225644006,Anxiety about altered body image
22621000119103,Anxiety disorder caused by drug
230353003,Morel laminar sclerosis
230461009,Headache disorder
230462002,Migraine with typical aura
230464001,Non-familial hemiplegic migraine
230465000,Migraine aura without headache
230467008,Status migrainosus
230468003,Migraine with ischemic complication
230470007,Episodic tension-type headache
230471006,Chronic tension-type headache
230472004,Episodic cluster headache
230473009,Chronic cluster headache
230474003,Chronic cluster headache unremitting from onset
230475002,Chronic cluster headache evolved from episodic cluster headache
230476001,Atypical cluster headache
230477005,Chronic post-traumatic headache
230478000,Low pressure headache
230479008,Post dural puncture headache
230480006,Headache following myelography
230481005,Idiopathic stabbing headache
230483008,Headache associated with substance abuse or withdrawal
230498005,Sleep-related painful erections
230537000,Idiopathic trigeminal neuralgia
230538005,Secondary trigeminal neuralgia
230539002,Cluster tic syndrome
23056005,Sciatica
230574001,Acute painful polyneuropathy due to diabetes mellitus
230575000,Chronic painful polyneuropathy due to diabetes mellitus
230597003,Intercostal post-herpetic neuralgia
230648001,Abdominal cutaneous nerve entrapment syndrome
230654000,Painful legs and moving toes
230800004,Alcoholic coma
23096007,Cranial neuralgia
231445001,Organic dissociative disorder
231452004,Limbic epilepsy personality syndrome
231453009,Lobotomy syndrome
231454003,Organic pseudopsychopathic personality
231455002,Organic pseudoretarded personality
231456001,Postleucotomy syndrome
231467000,Absinthe addiction
231485007,Post-schizophrenic depression
231488009,Delusional pain
231499006,Endogenous depression first episode
231500002,Masked depression
231501003,Needle phobia
231502005,Situational panic attack
231503000,Non-situational panic attack
231504006,Mixed anxiety and depressive disorder
231506008,Anxiety hysteria
231507004,Stage fright
231508009,Examination fear
231509001,Dissociative astasia-abasia
231515001,Hypochondriacal pain
231525006,Manipulative personality disorder
231526007,Fanatic personality
231527003,Explosive personality disorder
231528008,Anxious personality disorder
231530005,Post-concussional personality disorder
231542000,Depressive conduct disorder
23186000,Menstrual migraine
23189007,Idiopathic vulvodynia
23285006,Painful sexual act of male
233819005,Stable angina
233821000,New onset angina
233845001,Cardiac syndrome X
234341005,Alcohol-related macrocytosis
234366009,Alcohol-related sideroblastic anemia
235841007,Chronic nonspecific abdominal pain
235875008,Alcoholic hepatitis
235880004,Alcoholic fibrosis and sclerosis of liver
235881000,Alcoholic hepatic failure
235942001,Alcohol-induced acute pancreatitis
235952002,Alcohol-induced chronic pancreatitis
236554001,Pain during inflow of dialysate
236555000,Pain during outflow of dialysate
237067000,Chronic pain in female pelvis
237349002,Mild postnatal depression
237350002,Severe postnatal depression
237453001,Cyclical mastalgia
237454007,Non-cyclical mastalgia
237455008,Trigger point mastalgia
237477007,Pain caused by breast implant
237641009,Alcohol-induced hypoglycemia
237738005,Alcohol-induced pseudo-Cushing's syndrome
238965007,Venereophobia
238966008,Syphilophobia
238968009,Vulvodynia
238970000,Proctodynia
238976006,Bromisodrophobia
239166000,Persistent wound pain
239175003,Post-thoracotomy pain syndrome
239176002,Post-mastectomy pain
239177006,Post-episiotomy pain
239215004,Pain from tissue expander
239641000000100,Finding of geographic location of pain
239733006,Anterior knee pain
239938009,Giant cell arteritis with polymyalgia rheumatica
240044003,Fibrositis and nodular fasciitis
240107001,Viral myalgia
240271006,Persistent prosthetic joint pain
24109003,Bromhidrosiphobia
24121004,Insomnia disorder related to another mental disorder
241401000000103,Patient unable to rate pain
24199005,Feeling agitated
243341000000107,Vague pain
243941000000108,Pain relieved by glyceryl trinitrate
243991000000103,Pain relieved by slowing respiration
244021000000104,Pain commenced at home
244031000000102,Pain commenced in clinic
244041000000106,Pain commenced in construction area
244051000000109,Pain commenced in educational area
244061000000107,Pain commenced in general practitioner surgery
244071000000100,Pain commenced in hospital
244081000000103,Pain commenced in industrial area
244091000000101,Pain commenced on motorway
244101000000109,Pain commenced at office
244111000000106,Pain commenced in residential home
244121000000100,Pain commenced in sports/athletic area
244131000000103,Pain commenced in street
244141000000107,Pain commenced at industrial site
244151000000105,Pain commenced outdoors
244161000000108,Pain commenced in public building
247349000,Painful teething
247350000,Sore nipple
247352008,Subcostal pain
247353003,Site of abdominal pain
247354009,Iliac fossa pain
247355005,Flank pain
247361008,Evening colic
247362001,Pain on abdominal wall movement
247366003,Acute back pain with sciatica
247368002,Posterior compartment low back pain
247369005,Facet joint pain
247373008,Ankle pain
247381009,Limb stump pain
247382002,Urinary tract pain
247384001,Neurological pain disorder
247385000,Lateral femoral cutaneous neuralgia
247386004,Obturator neuralgia
247387008,Cruralgia
247388003,Segmental peripheral neuralgia
247389006,Intercostal neuralgia
247391003,Perineal neuralgia
247392005,Iliohypogastric nerve neuralgia
247393000,Ilioinguinal nerve neuralgia
247395007,Genitofemoral nerve neuralgia
247396008,Testicular neuralgia
247398009,Neuropathic pain
247399001,Pseudothalamic pain
247400008,Painful arms and moving fingers
247401007,Decreased pain threshold
247403005,Low pain threshold
247405003,Pain in area of anesthesia
247406002,Increased pain threshold
247408001,High pain threshold
247410004,Painful cough
247411000,Talking painful
247412007,Labor pain
247413002,False labor pains
247414008,After pains
247415009,Painful lactation
247418006,Superficial pain on intercourse
247419003,Deep pain on intercourse
247420009,Sexual function painful
247422001,Painful orgasm
247803002,Seasonal affective disorder
247805009,Anxiety and fear
247808006,Anxiety about body function or health
24781009,"Panic disorder with agoraphobia, mild agoraphobic avoidance AND panic attacks in full remission"
247818001,Fear of having a heart attack
247825008,Anxiety about behavior or performance
247854002,Flying phobia
247866008,Fear of contracting disease
247868009,Fear of contracting venereal disease
247869001,Fear of contracting radiation sickness
247908007,Squirming
247910009,Fidgeting
248231000000103,Paruresis
248256006,Not getting enough sleep
248258007,Circumstances interfere with sleep
248259004,Symptoms interfere with sleep
248661000000105,Increased frequency of headaches
249196008,Distress from pain in labor
2506003,Early onset dysthymia
25064002,Headache
251000119105,"Severe major depression, single episode"
25416002,Peripheral neuralgia
25501002,Social phobia
25702006,Alcohol intoxication
25922000,"Major depressive disorder, single episode with postpartum onset"
26150009,Lower half migraine
2618002,Chronic recurrent major depressive disorder
266599000,Dysmenorrhea
26665006,Antisocial personality disorder
267053000,Tenesmus
267067009,Lumbar ache - renal
267096005,Frontal headache
267102003,Sore throat symptom
267104002,Complaining of a pain
267949000,Shoulder joint pain
267950000,Arthralgia of the upper arm
267952008,Arthralgia of the pelvic region and thigh
267954009,Arthralgia of the ankle and/or foot
267981009,Pain in thoracic spine
267982002,Pain in lumbar spine
268621008,Recurrent major depressive episodes
268633003,Introverted personality disorder
268634009,Psychoneurotic personality disorder
268645007,Nondependent alcohol abuse
268652009,Transient insomnia
268669006,Childhood and adolescent disturbance with elective mutism
268715000,Dissociative motor disorder
270472006,Maternal concern
271681002,Stomach ache
271832001,"Flatulence, eructation and gas pain"
271843009,Painful straining for stool
271853005,Hypochondrial pain
271857006,Loin pain
271858001,Recurrent acute abdominal pain
271947006,School phobia
272021002,Complaining of ureteric colic
272027003,Complaining of a headache
272047006,Complaining of loin pain
272049009,Complaining of renal pain
2733002,Heel pain
27355003,Toothache
274277005,Complaining of right iliac fossa pain
274278000,Complaining of left iliac fossa pain
274279008,Renal pain
274280006,Ureteric pain
274647009,Restlessness and agitation
274663001,Acute pain
274664007,Chest pain on breathing
274665008,Chronic intractable pain
274667000,Jaw pain
274668005,Non-cardiac chest pain
274671002,Pelvic and perineal pain
274948002,Endogenous depression - recurrent
274952002,Borderline schizophrenia
275314000,Anal stump pain
275318002,Aching leg syndrome
275321000,Vulva sore
275406005,Appendicular pain
275488008,Sore throat - chronic
276296007,Dissociative trance
276297003,Dissociative possession disorder
276300008,Dissociative stupor
27635008,Aching pain
276498006,Complaining of ureteric pain
277138006,Rubella arthralgia
277285005,Thalamic pain
277286006,Central post-stroke pain
277352000,Suxamethonium pains
277818007,Anxiety about losing control of bowels
277819004,Anxiety about wetting self
277820005,Anxiety about vomiting in public
277821009,Anxiety about having a fit
277822002,Anxiety about choking
277823007,Anxiety about swallowing
277824001,Anxiety about collapsing
277825000,Anxiety about shaking
277826004,Anxiety about sweating
277827008,Anxiety about dying
277828003,Anxiety about going crazy
277829006,Anxiety about losing emotional control
277831002,Anxiety about becoming fat
277833004,Anxiety about fainting
277834005,Anxiety about having a heart attack
277838008,Anxiety about appearing ridiculous
277839000,Anxiety about saying the wrong thing
278363000,Alcoholic macrocytosis
278860009,Chronic low back pain
278862001,Acute low back pain
279001004,Pain finding at anatomical site
279016001,Cervicogenic headache
279019008,Central crushing chest pain
279020002,Pain in male genitalia
279021003,Epididymal pain
279022005,Post-vasectomy pain
279028009,Ovarian pain
279029001,Pain in cervical spine
279030006,Myofascial pain syndrome of neck
279031005,Cervical segmental dysfunction
279032003,Chronic pelvic pain without obvious pathology
279033008,Post-abdominoperineal resection pain
279035001,Acute thoracic back pain
279036000,Myofascial pain syndrome of thorax
279037009,Thoracic segmental dysfunction
279038004,Thoracic back pain
279039007,Low back pain
279040009,Mechanical low back pain
279041008,Myofascial pain syndrome of lower back
279042001,Lumbar segmental dysfunction
279043006,Pain in buttock
279044000,Total body pain syndrome
279047007,Persistent pain following procedure
279048002,Internal mammary artery syndrome
279049005,Post-surgery back pain
279050005,Post-herniorraphy pain
279051009,Pain following administration of agent
279052002,Sympathetically independent pain
279053007,Sympathetically maintained pain
279054001,Pain when milk coming in
279055000,Obstetric pain
279056004,Pain on penetration
279058003,Neurogenic pain
279059006,Hypoglossal neuralgia
279062009,Myofascial pain
279063004,Lumbar facet joint pain
279066007,Foot joint pain
279067003,Metatarsophalangeal joint pain
279069000,Musculoskeletal pain
279070004,Muscle tension pain
279071000,Urethral meatal pain
279072007,Sore lip
279073002,Sore nostril
279074008,Sore skin
279085005,Acute sensitivity to pain
279086006,Excessive sensitivity to pain
279093005,Cramping pain
279095003,Heavy pain
279097006,Splitting pain
279098001,Crushing pain
279225001,Maternity blues
279611005,Shell shock
279622009,Performance anxiety
27971000119105,Insomnia co-occurrent and due to medical condition
279980002,Peripheral neurogenic pain
279981003,Peripheral neuropathic pain
280901000,Couvade
280943007,Dissociative confusion
280945000,Derealization syndrome
280947008,Examination phobia
281000119103,Severe recurrent major depression
281004,Dementia associated with alcoholism
281245003,Musculoskeletal chest pain
28221000119103,Abdominal muscle pain
282359006,Post-vasectomy epididymal pain
282360001,Persistent testicular pain
282743009,Malignant bone pain
284514000,Continuously shifting in seat
284591009,Persistent alcohol abuse
28475009,Severe recurrent major depression with psychotic features
285339000,Painful tooth socket
285365001,Pain in toe
285375003,Pain in penis
285385002,Left sided chest pain
285386001,Right sided chest pain
285387005,Left sided abdominal pain
285388000,Right sided abdominal pain
285389008,Upper chest pain
286992006,Non-psychogenic dyspareunia
286993001,Dysmenorrhea - non-psychogenic
287045000,Pain in left arm
287046004,Pain in right arm
287047008,Pain in left lower limb
287048003,Pain in right lower limb
287166006,Accidental poisoning with ethyl alcohol
288021000119107,Disorder due to alcohol abuse
288031000119105,Alcohol induced disorder co-occurrent and due to alcohol dependence
288081000119106,"Behavioral insomnia of childhood, combined type"
288091000119109,"Behavioral insomnia of childhood, limit setting type"
288101000119104,"Behavioral insomnia of childhood, sleep onset association type"
288225004,Myalgia/myositis - multiple
288226003,Myalgia/myositis - shoulder
288227007,Myalgia/myositis - upper arm
288228002,Myalgia/myositis - forearm
288229005,Myalgia/myositis - hand
288230000,Myalgia/myositis -pelvis/thigh
288231001,Myalgia/myositis - lower leg
288232008,Myalgia/myositis - ankle/foot
288241003,Pain in limb - multiple
288421000119100,Hyposomnia co-occurrent and due to psychological disorder
288751000119101,"Reactive depressive psychosis, single episode"
289669005,Pain of uterus
289670006,Pain on movement of uterus
289732000,Painful uterine contractions
289817003,Pain of cervix
289818008,Pain on movement of cervix
289845009,Pain on movement of ovary
289900009,Period pain present
290431000119101,Intractable headache following trauma
290531000119102,Intractable chronic tension headache
291761000119107,Complex regional pain syndrome type II of left upper limb
291771000119101,Complex regional pain syndrome type II of right upper limb
291781000119103,Complex regional pain syndrome type II of left lower limb
291791000119100,Complex regional pain syndrome type II of right lower limb
292481000119104,Neuralgia of right pudendal nerve
292491000119101,Neuralgia of left pudendal nerve
292521000119104,Neuralgia of nerve of right lower limb
292531000119101,Neuralgia of nerve of left lower limb
292881006,Industrial methylated spirit adverse reaction
29330004,Salivary colic
293921000119104,Complex regional pain syndrome type I of bilateral upper limbs
293931000119101,Complex regional pain syndrome type I of left lower limb
293941000119105,Complex regional pain syndrome type I of left upper limb
293951000119107,Complex regional pain syndrome type I of bilateral lower limbs
293961000119109,Complex regional pain syndrome type I of right lower limb
293971000119103,Complex regional pain syndrome type I of right upper limb
294031000119103,Episodic paroxysmal hemicrania
294081000119102,Intractable headache caused by drug
294091000119104,Headache caused by drug
29695002,Throbbing pain
297128006,Nuchal pain
297217002,Rib pain
297974009,Pain on movement of skin
298012000,Wound pain
298253002,Cervical facet joint pain
298254008,Thoracic facet joint pain
298255009,Pain on joint movement
298291000000107,Pain with no relieving factor
298292009,Pain on movement of skeletal muscle
298301000000106,Right sided thoracic back pain
298311000000108,Left sided thoracic back pain
298376001,Temporomandibular joint painful on movement
298478001,Pain on movement of cervical spine
29857009,Chest pain
298579007,Pain on movement of thoracic spine
298674008,Pain on movement of lumbar spine
298731003,Pain of sternum
298857005,Shoulder joint painful on movement
298858000,Shoulder joint - painful arc
298929004,Elbow joint - painful on movement
299018007,Wrist joint painful on movement
299112005,Finger joint painful on movement
299199000,Thumb joint painful on movement
29929003,"Bipolar I disorder, most recent episode depressed with atypical features"
29930001000004103,Intractable low back pain
299308007,Hip joint painful on movement
299377003,Knee joint painful on movement
299447008,Ankle joint - painful on movement
299513007,Foot joint - painful on movement
299554004,Subtalar joint painful on movement
299633000,Toe joint painful on movement
300107003,Pain on movement of pinna
30059008,"Panic disorder with agoraphobia, severe agoraphobic avoidance AND moderate panic attacks"
300706003,Endogenous depression
30077003,Somatoform pain disorder
300894000,Parental anxiety
300895004,Anxiety attack
300953009,Pain in axilla
300954003,Pain in calf
300955002,Pain in thumb
300957005,Postural low back pain
300992002,Alcohol-induced cerebellar ataxia
300995000,Exercise-induced angina
301201000119105,Repetitive motion disorder of left lower leg
301281000119102,Repetitive motion disorder of right lower leg
301354004,Pain of ear
301355003,Pain of respiratory structure
301356002,Maxillary sinus pain
301357006,Frontal sinus pain
301358001,Pain of cardiovascular structure
301359009,Pain of lymphoreticular structure
301360004,Pain of lymph node
301361000,Pain of oral cavity structure
301362007,Pain of digestive structure
301363002,Pain of endocrine structure
301364008,Pain of skin
301365009,Pain of head and neck region
301366005,Pain of truncal structure
301367001,Right hypochondrial pain
301368006,Left hypochondrial pain
301370002,Finding of sensory dimension of pain
301371003,Gnawing pain
301372005,Finding of affective dimension of pain
301373000,Tiring with pain
301375007,Sickening with pain
301376008,Fearful with pain
301377004,Punishing with pain
301378009,Finding of present pain intensity
301379001,No present pain
301380003,Mild present pain
301382006,Distressing present pain
301383001,Horrible present pain
301384007,Excruciating present pain
301715003,Left upper quadrant pain
301716002,Left lower quadrant pain
301717006,Right upper quadrant pain
30173002,Primary fibrositis
301754002,Right lower quadrant pain
301773003,Pain in femur
302017001,Sore eye
302072004,Pain in thyroid
30233002,Swallowing painful
302770003,Tenesmus - anal
303081002,Neurogenic claudication
304542004,Nonspecific abdominal pain
30473006,Pain in pelvis
30605009,Major depression in partial remission
3061000119102,Chronic nonmalignant pain
30623001,Catch
307176005,Acute sciatica
307177001,Chronic sciatica
307199009,Psychosomatic abdominal pain
307225003,Perianal pain
30731004,Glossodynia
307757001,Chronic alcoholic hepatitis
308692003,Alcohol-induced flushing
309737007,Abdominal pain in pregnancy
309765009,Pain due to hip joint prosthesis
309767001,Pain due to knee joint prosthesis
309768006,Pain due to shoulder joint prosthesis
31027006,Schizotypal personality disorder
310391000119104,Iliotibial band friction syndrome of right knee
310483003,Complaining of pain in toe
310484009,Complaining of pain in hallux
310495003,Mild depression
310496002,Moderate depression
310497006,Severe depression
3109008,Secondary dysthymia early onset
313182004,Chronic post-traumatic stress disorder
313344000,Vulval superficial dyspareunia
313387002,Phonophobia
314041007,Abdominal pain in early pregnancy
314116003,Post infarct angina
314212008,Abdominal pain - cause unknown
314539001,Alcohol related optic neuropathy
314642004,Intermittent pain
314716005,Acute pelvic pain
31490007,Nasociliary neuralgia
315025001,Refractory angina
315226008,Pain in lymph nodes after alcohol consumption
315241008,Pain from metastases
315248002,Intractable breast pain
315250005,Persistent mastalgia
3158007,"Panic disorder with agoraphobia, agoraphobic avoidance in partial remission AND panic attacks in partial remission"
31611000,Multiple personality disorder
316761000119109,Pain of left forearm
316801000119101,Pain of left lower leg
31681005,Trigeminal neuralgia
316841000119104,Pain of left upper arm
316941000119108,Pain of right lower leg
316981000119103,Pain of right upper arm
31781004,"Panic disorder with agoraphobia, agoraphobic avoidance in partial remission AND mild panic attacks"
318784009,"Posttraumatic stress disorder, delayed onset"
319768000,Recurrent major depressive disorder with melancholic features
3200003,Sacrocoxalgia
320751009,"Major depression, melancholic type"
32096006,Secondary dysmenorrhea
321717001,Involutional depression
323341000000102,Anxiety about lethargy
323351000000104,Anxiety about mood
32388005,"Panic disorder with agoraphobia, agoraphobic avoidance in partial remission AND moderate panic attacks"
330007,Occipital headache
33078009,"Severe recurrent major depression with psychotic features, mood-congruent"
33135002,Recurrent major depression in partial remission
33449004,Personality disorder
33563008,Essential vulvodynia
3368006,Dull chest pain
33736005,"Severe major depression with psychotic features, mood-congruent"
34116005,"Panic disorder with agoraphobia, agoraphobic avoidance in full remission AND severe panic attacks"
34563004,Fear of getting cancer
34652008,Xenophobia
34789001,Pain in coccyx
34791000119103,Chest pain due to pericarditis
34938008,Anxiety disorder caused by alcohol
35074008,Chronic idiopathic anal pain
351861000000106,Stranger anxiety
35363006,Infantile colic
35429005,Anticipatory anxiety
35489007,Depressive disorder
35496009,Femoral neuralgia
35607004,Panic disorder with agoraphobia
35635000,Cervicobrachial neuralgia
35678005,Multiple joint pain
35827000,Recurrent conversion disorder
3586005,Psychogenic fugue
35928006,Nocturnal angina
36031001,Burning feet
361268000,Alcohol-induced epilepsy
361272001,Cerebellar ataxia due to alcoholism
361273006,Alcoholic cerebellar degeneration
36163009,Night pain
36170009,Secondary dysthymia late onset
36217008,Organic personality disorder
36269003,Cheilodynia
36349006,Burning pain
36474008,Severe recurrent major depression without psychotic features
364760007,Finding of headache character
364764003,Finding of pain threshold
36630001,Deep pain
36646009,"Anticipatory anxiety, moderate"
36729000,Pain of prostate
36859004,Esophageal chest pain
36923009,"Major depression, single episode"
370143000,Major depressive disorder
370567003,Noise phobia
371030007,Squeezing chest pain
371094000,Colicky hypogastric pain
371102005,Generalized colicky abdominal pain
37151006,Erythromelalgia
371631005,Panic disorder
371806006,Progressive angina
371807002,Atypical angina
371808007,Recurrent angina status post percutaneous transluminal coronary angioplasty
371809004,Recurrent angina following placement of coronary artery stent
371810009,Recurrent angina status post coronary artery bypass graft
371811008,Recurrent angina status post rotational atherectomy
371812001,Recurrent angina status post directional coronary atherectomy
37226004,Pain co-occurrent with tenderness
37259001,Ocular crisis
373621006,Chronic pain syndrome
37389005,Biliary colic
37488003,Vulvovaginal pain
37746008,Avoidant personality disorder
37796009,Migraine
37868008,Anxiety disorder of adolescence
37872007,Avoidant disorder of childhood OR adolescence
381000119107,Pain disorder with psychological factor
38328002,"Panic disorder with agoraphobia, severe agoraphobic avoidance AND panic attacks in full remission"
38343000,Vaginal pain
38433004,No sensitivity to pain
38451003,Primary dysthymia early onset
38617005,Dental phobia
38654001,Recurrent biliary colic
386808001,Phobia
386810004,Phobic disorder
38694004,Recurrent major depressive disorder with atypical features
387638003,Painful swelling of joint
38823002,Aural headache
39402007,Pelvic congestion syndrome
395017009,Complaining of panic attack
39565009,Pain crisis
395688005,Benign coital headache
3972004,Primary insomnia
397618002,Demonstrates adequate pain control throughout the perioperative period
397774002,Pain during labor and delivery
398057008,Tension-type headache
398058003,Pain during regional anesthesia for cesarean section
39809009,Recurrent major depressive disorder with catatonic features
398126006,Muscular headache
39898005,Sleep disorder
398987004,Headache following lumbar puncture
399194009,Disorder characterized by back pain
401010000,Patient concerned about eyesight
401236004,Early morning waking
40196000,Mild pain
403390002,Primary erythromelalgia
403391003,Secondary erythromelalgia
403591002,Ritual hand washing
403592009,Acarophobia
403593004,Phobic fear of skin cancer
403596007,Cutaneous hyperalgesia
403599000,Stinging of skin
403735006,Eosinophilia-myalgia syndrome from tryptophan
40379007,Mild recurrent major depression
40568001,Recurrent brief depressive disorder
4063001,Achillodynia
408749000,"Complex regional pain syndrome, type II, lower limb"
408750000,"Complex regional pain syndrome, type II, upper limb"
408751001,"Complex regional pain syndrome, type II"
408949005,Finding related to pain control behavior
409668002,Photophobia
40987004,Intermittent explosive disorder
41021005,Psychologic dyspareunia
410720000,Pain by sensation quality
41226008,Exquisite pain
41309000,Alcoholic liver damage
41321000119101,Myofascial pain syndrome of thoracic spine
41334000,"Angina, class II"
41413006,Temporal headache
414991007,Painful rectal bleeding
4151000119102,Facial neuralgia
41624003,Segmental dysfunction
41652007,Pain in eye
416562001,Axis pressure pain
417021005,Sclerotomal pain
418237007,Pain in hallux
418958006,Complaining of backache
41975002,Insomnia with sleep apnea
420054005,Alcoholic cirrhosis
421833007,Finding of pain sense
422136003,Neuralgia with acquired immunodeficiency syndrome
423279000,Refractory migraine without aura
423683008,Refractory migraine with aura
423893004,Pain following sexual intercourse
423894005,Refractory migraine
424271007,Hysterical cataplexy
424482002,Demonstrates adequate pain control without oral analgesics
424620000,Demonstrates adequate pain control with oral analgesics
424699007,"Migraine variants, not intractable"
424806009,Stated pain intensity within acceptable range
425007008,"Migraine without aura, not refractory"
425365009,Refractory migraine variants
425422007,Headache caused by high altitude
425423002,Pain provoked by movement
425473004,Pain radiating to left shoulder
42561004,Reminiscent neuralgia
425677008,Pain radiating to left arm
425746004,Pain provoked by light
425781002,Pain provoked by running
425831002,Pain characterized by relieving factor
425832009,Psychophysiologic insomnia
425834005,Pain radiating to right flank
425839000,Pain radiating to head
425860006,Pain radiating to lower abdomen
425908001,Pain radiating to thoracic region right side
425936006,Intractable ophthalmic migraine
425991004,Cervicothoracic segmental dysfunction
426068005,Pain provoked by altercation
426120002,Pain provoked by rest
426135001,Chronic prostatitis - chronic pelvic pain syndrome
426142001,Pain radiating to right shoulder
426174008,Chronic stress disorder
426206001,Constant pain
426277009,Pain provoked by eating
426351003,Pain provoked by lifting
426396005,Cardiac chest pain
426466001,Pain radiating to left flank
426469008,Pain radiating to left leg
426483005,Pain radiating to thoracic region left side
426555006,Pain radiating to jaw
426566004,Central pain syndrome
426578000,Premenstrual dysphoric disorder in remission
426628005,Chronic vaginal pain
426702003,Pain in female pelvis
426774001,Pain characterized by provoking factor
426803004,Pain radiating to right arm
426899007,Pain provoked by walking
426976009,Pain provoked by breathing
427075000,Pain radiating to upper abdomen
427128002,Gradual onset of pain
427146008,Pain provoked by coughing
427168003,Pain provoked by allergen
427252003,Pain radiating to right side of chest
427293006,Pain radiating to left side of chest
427304006,Finding of response to pain
427310006,Pain radiating to neck
427341007,Pain provoked by exertion
427365005,Pain radiating to center of chest
427419006,Transformed migraine
427475007,Pain radiating to lumbar region of back
427596002,Pain provoked by temperature
427653003,Pain radiating to right leg
427668002,Pain radiating to middle abdomen
427935006,Pain relief by rest
427972000,Pudendal neuralgia
42810003,Major depression in remission
428171009,Pain at rest due to peripheral vascular disease
428264009,Painful gait
428346000,Pain relief by medication
428432004,Spontaneous pain
428557006,Squeezing pain
428643002,Pain relief by supine position
428687006,Nightmares associated with chronic post-traumatic stress disorder
428911004,Pain relief by walking
428926002,Pain onset at rest
429038000,Pain onset during sleep
429147006,Pain relief related to position
42925002,"Major depressive disorder, single episode with atypical features"
429492007,Pain relief by sitting up
429531000,Pain on passive stretch of joint
429559004,Typical angina
429571005,Sleep-related dissociative disorder
429629001,Pain relief by antacid
429742007,Pain onset during moderate exercise
4306003,Cluster B personality disorder
430852001,"Severe major depression, single episode, with psychotic features"
430879002,Posterior auricular pain
430968008,Pain in male perineum
431237007,Chronic headache disorder
431432003,Anxiety about loss of memory
431481001,Chronic pain due to injury
43150009,Panic disorder without agoraphobia with severe panic attacks
431521000,Acute pain due to injury
43231004,Esophageal colic
43242008,Drug withdrawal headache
432615008,Chronic pain in face
433017009,Pain in symphysis pubis in pregnancy
433159008,Acute pain in female pelvis
43548008,Mittelschmerz
43763009,Glossopharyngeal neuralgia
438506002,Visceral abdominal pain
43922008,Jaw claudication
439469002,Recurrent abdominal pain
44047000,Zieve's syndrome
441711008,Chronic psychogenic pain
442057004,Chronic depressive personality disorder
442183006,Psychogenic dyskinesia
442236004,Pain in testicle as late effect of injury to testicle
442245003,Chronic hypomanic personality disorder
443094001,Paroxysmal hemicrania
443095000,Hemicrania continua
443503005,Periumbilical pain
44376007,Dissociative disorder
443919007,Complex posttraumatic stress disorder
444227004,Acute postthoracotomy pain syndrome
444746004,Acute exacerbation of chronic abdominal pain
4448006,Allergic headache
444899003,Pain in forearm
445322004,Migraine variant with headache
44538002,Nasal headache
445507008,Inflammation of pancreas caused by alcohol
445511002,Orthostatic headache
446175003,Acute posttraumatic stress disorder following military combat
446180007,Delayed posttraumatic stress disorder following military combat
4473006,Migraine with aura
449313005,Referred pain in face
44966003,Passive aggressive personality disorder
449814007,Trigeminal autonomic cephalalgia
449884001,Painful scar
449890002,Functional abdominal pain syndrome
450714000,Severe major depression
450847001,Responds to pain
45326000,Shoulder pain
4557003,Preinfarction syndrome
4568003,Retrosternal pain
45979003,Abdominal wind pain
46244001,Recurrent major depression in full remission
46721000,Organic personality disorder caused by psychoactive substance
46960006,Lumbago-sciatica due to displacement of lumbar intervertebral disc
473007007,Cervical discogenic pain
473008002,Pain in cheek
473009005,Pain in palate
473434003,Pain in chin
473456000,Compulsive personality disorder
473457009,Obsessional personality disorder
47505003,Posttraumatic stress disorder
47933007,Foot pain
48429009,Somatic pain
48589009,Minor depressive disorder
48694002,Anxiety
48926009,Pain in spine
49218002,Hip pain
4932002,"Panic disorder with agoraphobia, moderate agoraphobic avoidance AND mild panic attacks"
49564006,"Panic disorder with agoraphobia, mild agoraphobic avoidance AND moderate panic attacks"
49575005,Shooting pain
49605003,Ophthalmoplegic migraine
49650001,Dysuria
4969004,Sinus headache
49986002,Central pain
50026000,Organic anxiety disorder caused by psychoactive substance
50325005,Alcoholic fatty liver
50415004,Moderate pain
50510006,Painful piezogenic pedal papules
50745000,Hemianalgesia
50818007,Painful ejaculation
50983008,"Panic disorder with agoraphobia, mild agoraphobic avoidance AND panic attacks in partial remission"
51493001,Anxiety disorder caused by cocaine
51741000119105,Acute ankle pain
51881000119109,Chronic ankle pain
5268006,Mechanical dysmenorrhea
52910006,Anxiety disorder due to a general medical condition
52954000,Schizoid personality disorder
53057004,Hand pain
53430007,Pain of breast
53467004,Anxiety disorder of childhood
53956006,Panic disorder without agoraphobia with panic attacks in partial remission
54012000,Posttraumatic headache
54230003,Mixed insomnia
54307006,Zoophobia
54314008,Putti-Chavany syndrome
54586004,Lower abdominal pain
54587008,Simple phobia
54746005,Erotophobia
54981004,Charleyhorse
5509004,Panic disorder with agoraphobia AND severe panic attacks
55145008,Stabbing pain
55341008,Histrionic personality disorder
55406008,Hyperalgesia
55967005,Anxiety disorder caused by phencyclidine
56097005,Migraine without aura
56557000,Fibrositis
56576003,Panic disorder without agoraphobia
56608008,Pain in wrist
571000119103,Daily headache
57676002,Joint pain
58250006,Scalding pain on urination
58535001,Physical AND emotional exhaustion state
58703003,Postpartum depression
5874002,"Anticipatory anxiety, severe"
58963008,Acrophobia
59021001,Angina decubitus
59050008,Initial insomnia
59139008,Crushing chest pain
59292006,Hemiplegic migraine
596004,Premenstrual dysphoric disorder
59923000,Panic disorder with agoraphobia AND panic attacks in full remission
60043000,Midabdominal crampy pain
60099002,"Severe major depression with psychotic features, mood-incongruent"
608830002,Discogenic pain
608831003,Thoracic discogenic pain
608832005,Lumbar discogenic pain
609143007,Elongated styloid process syndrome
609437000,Fetal Alcohol Spectrum Disorder
609438005,Fetal or neonatal effect of maternal alcohol addiction
61144001,Alcohol-induced psychotic disorder with delusions
61157009,Combat fatigue
61212007,"Panic disorder with agoraphobia, severe agoraphobic avoidance AND severe panic attacks"
61387006,Moderate anxiety
61486003,Sacral back pain
61490001,"Angina, class I"
61569007,Agoraphobia without history of panic disorder
61830005,Sphenopalatine neuralgia
62171003,Plantar heel pain
62351001,Generalized social phobia
62647006,Painful spasm of anus
631000119102,Chronic back pain greater than three months duration
63412003,Major depression in full remission
63491006,Intermittent claudication
63701002,"Panic disorder with agoraphobia, mild agoraphobic avoidance AND mild panic attacks"
63778009,"Major depressive disorder, single episode with melancholic features"
63901009,Pain in testicle
63909006,Panic disorder with agoraphobia AND panic attacks in partial remission
64060000,"Panic disorder with agoraphobia, moderate agoraphobic avoidance AND panic attacks in full remission"
64165008,Avoidant disorder of childhood
65064003,Panic disorder without agoraphobia with moderate panic attacks
65323003,Polymyalgia rheumatica
6548007,Rectal tenesmus
6561007,Pain in urethra
65754002,Primary dysmenorrhea
65761003,Inflammatory pain
6617009,Referred pain
66344007,Recurrent major depression
66551002,Psychogenic headache
66590003,Alcohol dependence
66695004,Acrodynia due to mercury poisoning
67062000,Terminal insomnia
67195008,Acute stress disorder
67233009,Middle insomnia
674051000119103,Chronic neck pain for greater than 3 months
6744007,Painful bladder spasm
67711008,Primary dysthymia late onset
67849003,Excruciating pain
68019004,Recurrent major depression in remission
68653001,Anal pain
68962001,Muscle pain
69186005,Broad ligament laceration syndrome
69392006,"Major depressive disorder, single episode with catatonic features"
69403006,Conversion aphonia
69479009,Anxiety hyperventilation
69482004,Korsakoff's psychosis
698006004,Pulpalgia
698321001,Neonatal effect of alcohol transmitted via breast milk
698690001,Avoidant personality disorder in remission
698699000,Antisocial personality disorder in remission
698700004,Borderline personality disorder in remission
698749006,Pain on flushing of implanted venous access device
698803006,Medication overuse headache
698952009,Dissociative disorder in remission
698957003,Depressive disorder in remission
699046000,Craniofacial pain
699208000,Thrombocytopenia caused by alcohol
699241002,Chronic post-traumatic stress disorder following military combat
699314009,Migraine with persistent visual aura
699682009,Localized masticatory muscle soreness
699694000,Chronic post-concussion headache
70066000,Conversion muteness
702535006,Anxiety about breathlessness
702549002,Centrally mediated myalgia
7031000119100,Psychogenic fugue co-occurrent and due to stress reaction
703182002,Headache due to reversible cerebral vasoconstriction syndrome
703619001,Pelvic girdle pain
704675005,Inadequate pain control
704677002,Tarsalgia
7052005,Alcohol hallucinosis
706883004,Pain due to varicose veins of lower extremity
70691001,Agoraphobia
706955002,Pain relieved by analgesic
70747007,"Major depression single episode, in partial remission"
707597009,Continuous abdominal pain of left lower quadrant
70764005,Depersonalization disorder
707809009,Pain provoked by trauma
708020008,Pain in lower limb on elevation
709141005,Neck pain due to malignant neoplastic disease
7093002,Renal colic
70967007,Hysterical deafness
70997004,Mild anxiety
710110008,Phantom pain
710230000,Painful os peroneum syndrome
711055006,Phantom pain following excision of eye
711056007,Phantom pain following amputation of penis
711057003,Phantom pain following amputation of lower limb
711058008,Phantom pain following amputation of upper limb
711163009,Bradyopsia
711331000000102,Leg pain on elevation
711511000000102,Pain relieved by lowering leg
711545001,Migraine caused by estrogen contraceptive
712537009,Complex regional pain syndrome of upper limb
712752004,Myalgia of pelvic floor
712823008,Acute depression
712826000,Intermittent headache
712831003,Frequent headache
712857000,Segmental neuralgia as late effect of traumatic injury
71303008,Atypical facial pain
71315007,Dyspareunia
713181003,Chronic alcoholic liver disease
713278001,Neuralgia co-occurrent with human immunodeficiency virus infection
71336009,Recurrent major depressive disorder with postpartum onset
713370005,Acute on chronic alcoholic liver disease
713410003,Pain following cerebrovascular accident
713412006,Ischemic foot with rest pain
713413001,Joint pain of pelvic region
713583005,Mild alcohol dependence
713674006,Ischemic foot pain when walking
713829001,Postinfective intercostal neuralgia
713831005,Postinfective peripheral neuralgia
713837009,Postinfective segmental peripheral neuralgia
713839007,Intercostal neuralgia as late effect of trauma
713847007,Post-surgery obturator neuralgia
713862009,Severe alcohol dependence
713889004,Atypical odontalgia
71393004,Soreness
714252004,Post-mastectomy chronic pain syndrome
714829008,Moderate alcohol dependence
717253001,Drilling quality pain
71760005,Cervico-occipital neuralgia
717717002,Non-cyclic pelvic pain
71802006,Astasia-abasia
71850005,Abdominal pain worse on motion
718636001,Minimal depression
71884009,Precordial pain
71959007,Elective mutism
719592004,Moderately severe major depression
719593009,Moderately severe depression
719848005,Disorder caused by alcohol
7200002,Alcoholism
720451004,Minimal recurrent major depression
720452006,Moderately severe recurrent major depression
720453001,Moderately severe major depression single episode
720454007,Minimal major depression single episode
720455008,Minimal major depression
721156008,Cyclic pelvic pain
721710005,Fibrosis of liver caused by alcohol
722829006,Acute pain of scrotum
722842006,Fear of having digestive disease
722843001,Fear of having cancer of digestive system
722876002,Functional heartburn
722981005,Infrequent episodic tension-type headache
722982003,Frequent episodic tension-type headache
722983008,Headache due to injury of head and neck
723070002,Variation of pain
723086009,Fear of heart disease
723087000,Fear of cardiovascular disease
723092003,Fear of respiratory disease
723093008,Fear of cancer of respiratory system
723103002,Gastric ulcer caused by alcohol
723112000,Fear of endocrine disease
723113005,Fear of metabolic disease
723114004,Fear of nutritional disease
723115003,Fear of cancer of endocrine system
723117006,Fear of musculoskeletal disease
723118001,Fear of musculoskeletal cancer
723119009,Fear of ear disease
723120003,Fear of hematological disease
723121004,Fear of hematological cancer
723300005,Freezing pain
723316007,Electric shock type pain
723913009,Olfactory reference disorder
723915002,Secondary dissociative disorder
723926008,Perceptual disturbances and seizures co-occurrent and due to alcohol withdrawal
723927004,Psychotic disorder caused by alcohol with schizophreniform symptoms
724429004,Stroke co-occurrent with migraine
724448000,Fear of genital disease
724449008,Fear of breast disease
724450008,Fear of genital cancer
724451007,Fear of breast cancer
724654009,Anxiety disorder caused by opioid
724676000,Mood disorder with depressive symptoms caused by sedative
724677009,Mood disorder with depressive symptoms caused by hypnotic
724678004,Mood disorder with depressive symptoms caused by anxiolytic
724690002,Mood disorder with depressive symptoms caused by cocaine
724693000,Obsessive compulsive disorder caused by cocaine
724708007,Anxiety disorder caused by methylenedioxymethamphetamine
724722007,Anxiety disorder caused by dissociative drug
724723002,Anxiety disorder caused by ketamine
724730008,Obsessive compulsive disorder caused by psychoactive substance
724748004,Chronic insomnia
724818008,Functional monoparesis
724819000,Functional paraparesis
724824002,Fear of neurological disease
724879005,Fear of skin disease
725009002,Neck pain co-occurrent with neck stiffness following whiplash injury to neck
725010007,Neck pain co-occurrent with tenderness of neck following whiplash injury to neck
725011006,Neck pain co-occurrent with neurological deficit following whiplash injury to neck
725058003,Short-lasting unilateral neuralgiform headache attacks with conjunctival injection and tearing syndrome
726403001,Fear of eye disease
726531007,Myofascial pain syndrome
726772006,Major depression with psychotic features
72771000119107,Postpartum episiotomy pain
72861004,Panic disorder without agoraphobia with mild panic attacks
73063007,Colicky pain
73097000,Alcohol amnestic disorder
733826000,Pain due to fracture
734947007,Complex regional pain syndrome type I
734986006,Complex regional pain syndrome of lower limb
734987002,Complex regional pain syndrome of foot
734988007,Complex regional pain syndrome of knee
734989004,Complex regional pain syndrome of hand
73501001,Painful pigmented pressure papules
735541006,Dissociative neurological symptom disorder
735542004,Dissociative neurological disorder with symptom of weakness
735543009,Dissociative neurological disorder with symptom of alteration of sensation
735544003,Dissociative neurological disorder with symptom of movement disorder
735545002,Dissociative neurological symptom disorder with visual symptom
735546001,Dissociative neurological symptom disorder co-occurrent with swallowing symptom
735547005,Dissociative neurological symptom disorder co-occurrent with auditory symptom
735548000,Dissociative neurological symptom disorder co-occurrent with dizziness
735644008,Chronic nociceptive pain
735688001,Fear of urinary disease
735935009,Chronic pain due to malignant neoplastic disease
735936005,Chronic neuropathic pain
735937001,Acute pain in face
735938006,Acute headache
735940001,Pain of intercostal space
736313002,Dissociative neurological symptom disorder co-occurrent with symptoms of gait disorder
736314008,Dissociative neurological symptom disorder co-occurrent with cognitive symptoms
736315009,Dissociative neurological symptom disorder co-occurrent with alteration of consciousness
736316005,Dissociative neurological symptom disorder co-occurrent with symptom of speech production
736428003,Chronic arthralgia of temporomandibular joint
736447000,Infrequent episodic arthralgia of temporomandibular joint
73645008,Visceral pain
736464002,Chronic idiopathic pain syndrome
737305006,Primary chronic pain
737306007,Chronic visceral pain
737341006,Anxiety disorder caused by synthetic cannabinoid
738068003,Pain relief by lowering leg
73867007,Severe major depression with psychotic features
74010007,"Panic disorder with agoraphobia, severe agoraphobic avoidance AND panic attacks in partial remission"
74123003,Otogenic otalgia
74323005,Pain in elbow
74704000,Abdominal pain through to back
75007009,Algophobia
75084000,Severe major depression without psychotic features
75111000,Painful ophthalmoplegia
75483001,Breathing painful
755321000000106,"Single major depressive episode, severe, with psychosis, psychosis in remission"
755331000000108,"Recurrent major depressive episodes, severe, with psychosis, psychosis in remission"
75879005,Abdominal migraine
75938008,Alimentary tract pain due to vascular insufficiency
75983009,Vidian neuralgia
76129002,Ganser syndrome
76204004,Painful clitoral erection
762239006,Myofascial pain with referral
762321000,Mood disorder with depressive symptoms caused by opioid
762329003,Mood disorder with depressive symptoms caused by stimulant
762331007,Anxiety disorder caused by stimulant
762332000,Obsessive compulsive disorder caused by stimulant
762336002,Mood disorder with depressive symptoms caused by hallucinogen
762339009,Mood disorder with depressive symptoms caused by volatile inhalant
762345001,Mood disorder with depressive symptoms caused by dissociative drug
762348004,Acute insomnia
762349007,Fear of mental disorder
762353009,Acute headache due to traumatic injury of head
762354003,Persistent headache due to and following injury of head
762451005,Chronic pain following trauma
762452003,Chronic musculoskeletal pain
762454002,Chronic orofacial pain
762461003,Complex dissociative intrusion disorder
762512002,Mood disorder with depressive symptoms caused by synthetic cathinone
762515000,Anxiety disorder caused by synthetic cathinone
762516004,Obsessive compulsive disorder caused by synthetic cathinone
762522008,Penoscrotodynia
762589002,Chronic primary visceral pain
762590006,Chronic primary generalized pain
762591005,Chronic primary musculoskeletal pain
762592003,Chronic primary headache
762593008,Chronic primary orofacial pain
762594002,Chronic pain following surgical procedure for cancer
762595001,Chronic painful polyneuropathy following chemotherapy
762596000,Chronic pain following radiotherapy
762597009,Chronic musculoskeletal pain due to persistent inflammation
762598004,Chronic musculoskeletal pain due to disease of nervous system
762599007,Chronic mechanical visceral pain
762600005,Chronic visceral pain due to vascular disorder
762601009,Chronic visceral pain due to persistent inflammation
762602002,Chronic central neuropathic pain
762603007,Chronic peripheral neuropathic pain
762604001,Chronic secondary facial pain
762605000,Chronic secondary oral pain
762607008,Orofacial neuropathic pain
76441001,"Severe major depression, single episode, without psychotic features"
764611000000100,"Recurrent major depressive episodes, severe"
764691000000109,"Recurrent major depressive episodes, in partial remission"
764701000000109,"Recurrent major depressive episodes, in remission"
764711000000106,"Single major depressive episode, in remission"
765176007,Psychosis and severe depression co-occurrent and due to bipolar affective disorder
76691009,Brachial plexus neuralgia
7674000,Greater trochanteric pain syndrome
76807004,Cervicobrachialgia
76812003,"Panic disorder with agoraphobia, moderate agoraphobic avoidance AND panic attacks in partial remission"
76821002,Epidemic cervical myalgia
76868007,"Panic disorder with agoraphobia, agoraphobic avoidance in full remission AND mild panic attacks"
769167005,Vaso-occlusive pain co-occurrent and due to sickle cell disease
76948002,Severe pain
771083005,Pain in upper arm
771545003,Painful and cold lower limb
771546002,Painful and cold upper limb
772826002,Anti-cyclic citrullinated peptide antibody positive arthralgia
77375009,Adductor spastic dysphonia of conversion reaction
774133001,Pain of right forearm
774134007,Pain of right shoulder blade
774135008,Pain of left shoulder blade
774136009,Pain of right acromioclavicular joint
774137000,Pain of left acromioclavicular joint
77538000,Superficial pain
778003000,Autosomal dominant intermediate Charcot-Marie-Tooth disease with neuropathic pain
77880009,Rectal pain
77911002,"Severe major depression, single episode, with psychotic features, mood-congruent"
781381000000100,Migraine induced by oestrogen contraceptive
782661001,Chronic sacroiliac joint pain
782756008,Familial episodic pain syndrome
784285002,Tenesmus of bladder
78514002,Thigh pain
785723001,Persistent idiopathic facial pain
78667006,Dysthymia
786837007,Tingling pain
788120007,Antenatal depression
788465007,Repetitive motion disorder
788466008,Repetitive motion disorder of upper limb
788467004,Repetitive motion disorder of bilateral shoulders
788468009,Repetitive motion disorder of left hand
788469001,Repetitive motion disorder of right forearm
788470000,Repetitive motion disorder of left forearm
788471001,Repetitive motion disorder of left shoulder
788473003,Repetitive motion disorder of right hand
788474009,Repetitive motion disorder of right shoulder
788475005,Repetitive motion disorder of right upper arm
788476006,Repetitive motion disorder of left upper arm
788480001,Repetitive motion disorder of left foot
788481002,Repetitive motion disorder of right foot
788483004,Repetitive motion disorder of left ankle
788484005,Repetitive motion disorder of left thigh
788485006,Repetitive motion disorder of right ankle
788486007,Repetitive motion disorder of right thigh
788487003,Repetitive motion disorder of bilateral hands
788488008,Repetitive motion disorder of bilateral forearms
788862002,Agitation due to dementia
788866004,Anxiety due to dementia
788891004,Chronic pain after cancer treatment
788907005,Dissociative neurological symptom disorder co-occurrent with chorea
788908000,Dissociative neurological symptom disorder co-occurrent with dystonia
788909008,Dissociative neurological symptom disorder co-occurrent with facial spasm
788910003,Dissociative neurological symptom disorder co-occurrent with myoclonus
788911004,Dissociative neurological symptom disorder co-occurrent with Parkinsonism
788912006,Dissociative neurological symptom disorder co-occurrent with tremor
789494008,Central sensitization
791000119109,Angina due to type 2 diabetes mellitus
7916009,Alcoholic polyneuropathy
7921000119104,Anterior pleuritic pain
79267007,Retinal migraine
792844003,Limb pain at rest due to atherosclerosis of artery of lower limb
792845002,Intermittent claudication due to atherosclerosis of artery of limb
792886009,Pain in pinna
79298009,"Mild major depression, single episode"
79823003,Panic
79842004,Stuporous depression
79922009,Epigastric pain
8034008,Painful penile erection
80583007,Severe anxiety (panic)
80711002,Narcissistic personality disorder
81350009,Free-floating anxiety
816065002,Normal sensation of pain
81608000,Insomnia disorder related to known organic factor
816133002,Sensation of pain reduced
81680005,Neck pain
81712001,Pain in female genitalia on intercourse
8185002,Panic disorder with agoraphobia AND moderate panic attacks
81953000,Chest pain on exertion
82047000,Diarrhea caused by alcohol intake
82218004,Postoperative depression
82339009,Anxiety disorder caused by amfetamine
82415003,Agoraphobia without history of panic disorder without limited symptom attacks
82423001,Chronic pain
82494000,Panic disorder without agoraphobia with panic attacks in full remission
82738004,"Panic disorder with agoraphobia, moderate agoraphobic avoidance AND moderate panic attacks"
82782008,Toxic effect of ethyl alcohol
82991003,Generalized aches and pains
830137004,Pain due to enlargement of spleen
83132003,Upper abdominal pain
83157008,Fatal familial insomnia
83176005,Primary dysthymia
832007,Moderate major depression
83253003,Shyness disorder of childhood
83264000,Epidemic pleurodynia
83351003,Basilar migraine
83458005,Agitated depression
83482000,Body dysmorphic disorder
83631006,"Panic disorder with agoraphobia, moderate agoraphobic avoidance AND severe panic attacks"
83644001,Dull pain
836711000000108,Ischaemic lower limb pain at rest
838376007,Chronic myopathy caused by alcohol
838386008,Acute alcoholic myopathy
838410008,Pain in epigastric region on palpation
838411007,Pain in abdominal region on palpation
838412000,Pain in lumbar region on palpation
838530009,Mood disorder with depressive symptoms caused by amfetamine and/or amfetamine derivative
83890006,Cluster C personality disorder
84209002,Psychogenic amnesia
84466009,Dependent personality disorder
84760002,"Schizoaffective disorder, depressive type"
84788008,Menopausal depression
85007004,Meralgia paresthetica
85011000119101,Pain in male pelvis
85061001,"Separation anxiety disorder of childhood, early onset"
85080004,Secondary dysthymia
85284003,"Angina, class III"
85561006,Uncomplicated alcohol withdrawal
85879003,Secondary fibrositis
86208007,Loin pain-hematuria syndrome
86260003,Pain around eye
86345004,Bertolotti's syndrome
8635005,Alcohol withdrawal delirium
865971002,Pain on tooth percussion
865986008,Pain on application of pressure to tooth
865987004,Pain on tooth palpation
866043000,Neuralgia of twelfth thoracic nerve
86925001,Ocular headache
8708008,Sharp pain
87343002,Prinzmetal angina
87381000119101,Vertebral joint pain
87414006,Reactive depression (situational)
87512008,Mild major depression
87798009,"Panic disorder with agoraphobia, agoraphobic avoidance in full remission AND moderate panic attacks"
87810006,Megaloblastic anemia due to alcoholism
87842000,Generalized neuromuscular exhaustion syndrome
8799007,Posterior heel pain
879969009,Breakthrough pain
879973007,Breakthrough cancer pain
88522004,Umbilical pain
88845000,Explosive type organic personality disorder
88902008,Hysterical blindness
88982005,Rebound insomnia
88984006,Hysterical paralysis
89225005,Anxiety about blushing
89323001,"Angina, class IV"
89507002,Toxic effect of denatured alcohol
89638008,Xiphodynia
89751008,Sexual pain disorder
89874002,Xiphoidalgia syndrome
89948007,Panic disorder with agoraphobia AND mild panic attacks
90361000119105,Behavioral insomnia of childhood
90483007,Conversion dysphonia
90790003,Avoidant disorder of adolescence
90834002,Pain in limb
9121000119106,Low back pain in pregnancy
91411000119105,Drug-induced insomnia
91943004,Arthralgia of temporomandibular joint
921261000000101,Shoulder joint painful on external rotation
9267009,Chest pain at rest
93681000119102,Insomnia co-occurrent and due to nocturnal myoclonus
944141000000108,Diabetic peripheral neuropathic pain
94631000119100,Depressive disorder in mother complicating pregnancy
95367009,Application site pain
95388000,Injection site pain
95415006,Polymyalgia
95416007,Eosinophilia myalgia syndrome
95417003,Primary fibromyalgia syndrome
95421005,Intercostal myalgia
95443002,Venous intermittent claudication
95653008,Acute confusional migraine
95654002,Chronic paroxysmal hemicrania
95655001,Ophthalmic migraine
95656000,Familial hemiplegic migraine
95657009,Chronic mixed headache syndrome
95658004,Cough headache syndrome
95659007,Hindbrain hernia headache
95660002,Thunderclap headache
95668009,Pain in face
95669001,Superior laryngeal neuralgia
95670000,Nervus intermedius neuralgia
957311000000101,Secondary fibromyalgia
95794005,Tolosa-Hunt syndrome
9626006,Mechanical pain
97001000119106,Localized chest pain
97571000119109,Thrombocytopenia co-occurrent and due to alcoholism
98611000119104,Chronic post-thoracotomy pain syndrome
98921000119102,Pain due to neoplastic disease
9953008,Acute alcoholic liver disease
9972008,Radiating pain
9991008,Abdominal colic
